age,xco2,xco2_16pc,xco2_84pc
3.6,271.341596436085,254.145321922544,289.005621025703
3.6,276.631516965167,259.11771565937,294.676542047683
3.9,289.950501486705,269.91688506595,310.690752332804
4.6,278.982584840217,259.702011022821,298.961803841424
5,298.291682432328,277.729295021388,319.580049213079
7.8,271.742806836758,252.938740514921,291.201234513951
7.8,283.471929530044,263.868126343725,303.747411903115
9.5,281.056968930033,261.601107608406,301.182226243238
10.3,252.480828923129,234.930614762347,270.625023609931
11.7,270.883316083981,252.101197857831,290.31106846176
14,246.233123807723,229.094519346379,263.95844630195
14.6,242.685656070606,227.329938562754,258.459299858089
14.6,233.019845261797,218.283392088425,248.160763514971
15.1,242.304457678099,225.42582047865,259.746904369912
15.1,229.505313811485,213.46545197852,246.081862875038
17,229.73039405028,214.572396296245,245.509401489869
17.3,233.466731054029,217.15819460822,250.297501689375
19.2,170.800410579252,158.556175760297,183.413437123843
20.4,176.824244738082,165.630628115557,188.280461086097
21.1,212.354961884714,197.440194375878,227.769499797927
22.5,212.478740196246,197.555187249145,227.903688588375
24.8,189.701056009474,176.254110088628,203.58480369357
26.3,180.618795863651,167.748781618021,193.892988095882
26.3,175.451489942766,162.91638376015,188.388517677629
36.9,224.286386287626,208.575495669527,240.517988449936
40.8,214.154100650357,200.623697301552,228.082583027888
47.1,219.350020110128,203.968392215497,235.241628265787
52.3,208.986003283348,194.293496696603,224.182824487279
61.4,209.148299506171,194.445231456458,224.36017918227
70.6,243.260077072969,227.875238184792,259.110860003232
76.3,249.302503975146,231.946715299372,267.230061597414
83,250.588571881645,233.150652648255,268.607343358672
88.1,277.793316417802,258.545806026915,297.6933236575
99.6,288.957781714184,268.989464289544,309.63562808891
104.5,264.964048587936,246.586895460292,283.955776523648
111.32,295.080486592367,275.121303824117,315.654465671095
113.6,266.665226658598,249.771367592132,284.030651415654
114.2,326.64000427917,304.139251921081,350.000592548073
116.1,344.964937790259,321.263042418219,369.58907161333
119.06,317.852688786339,295.680475555998,340.962442125185
119.1,356.476464491166,332.010254619055,381.899917518254
122.3,282.156916553977,262.65587788215,302.351546764148
123.2,314.763581002585,294.833121641297,335.347728972251
124.37,299.36947479512,279.471512467712,319.637198145856
127.48,288.272474428464,268.737565360613,308.360468489183
128.1,277.689111137414,260.113010580626,295.761210997147
131,298.462223981938,277.878880071109,319.763590482157
131.91,262.024301589003,244.257869334368,280.268399181321
133.22,249.114653806269,232.133807141489,266.531662770456
134,219.433090262943,204.127979896318,235.234791946147
135.57,218.201457503618,203.012878729455,233.861470523313
136.8,195.871576879653,183.486832207465,208.602235719309
138.6,175.742277007394,164.607499749015,187.124588175045
138.97,218.026768742171,202.999856199398,233.44943644553
146.69,226.938696315627,211.258415883335,243.037099518463
150.04,218.241412814415,203.224764562825,233.647041265769
169.76,218.190797776433,203.161000644287,233.628516939574
179.94,216.031766051892,201.14436005123,231.249445239246
184.37,225.405492295485,209.777567725479,241.490112554829
190.01,236.024690134815,219.911199416766,252.461351540927
191.68,236.090591059905,219.883868096908,252.789722391394
198.07,261.824665843548,244.166360158499,279.85669170553
211.57,293.286593580949,273.280535865259,313.909295638296
220.44,275.643880688085,257.186248788933,294.44321433088
223.66,274.704841747818,255.489633914915,294.70616897795
227.1,245.824200593893,228.898332108009,263.307874394282
235.76,276.730765834691,257.57637989085,296.521843810735
239.48,255.974230244086,238.555491626087,273.906391672405
242.9,292.988479634103,272.687528677056,314.029793011006
247.18,275.632427797642,257.001844423469,294.799015873084
250.07,236.527199861571,220.353253986742,253.08908994666
257.84,246.173406289592,229.511703782767,263.133775006813
329.1,306.147156926671,286.714874205764,326.190631433934
358.5,212.393439102762,198.976475144578,226.205587937572
366.9,225.747727728836,211.481888321104,240.429477988825
386.4,254.885943998471,238.755310213905,271.4769679948
409.1,306.924803669597,287.478905055535,327.002780227443
418.8,279.935933694183,262.201952983244,298.169171617165
541.6,244.28452766509,228.833937180292,260.176729960516
556.0931,245.342888896711,223.980684408469,267.896998727337
616.3,255.315548066714,239.167021871472,271.899582221632
651,173.740128415834,162.729181183867,184.99264103055
662.1,198.148732403024,185.637862907604,211.007228110112
675,217.319186347392,203.593304820252,231.44879443071
702.2,257.92762292358,241.614853995549,274.674391780114
703.5,268.082844315539,251.115019145618,285.514228479853
731,226.366835260669,212.05870117367,241.075242006795
752.4,208.766140148836,195.579347029345,222.330121601792
891.9,201.977821278214,189.221206969972,215.094753852516
950,289.40663265917,271.086445884035,308.277630838025
952.8,313.494772390182,293.634228149112,334.0123073576
1072.8,301.16041500593,282.094969067517,320.854458392782
1078.9,262.481410008893,245.871728451731,279.558149219476
1087.26,246.483578044408,229.852337763412,263.365491835326
1088.69,274.554684776351,256.127864973028,293.323094307767
1090.03,235.822954350456,219.936185778431,251.987156953042
1092.67,256.874073300081,239.550606952383,274.506023994328
1094.71,266.780272999574,248.688337224448,285.353927690118
1099.46,346.558948478423,323.585248632485,370.035828346723
1102.42,324.674760272947,303.096933611191,346.65849437332
1103.16,335.309136902604,311.56595659039,360.103356945309
1106.2,261.875102220183,244.548155071008,279.344230113628
1107.82,280.824213566718,261.948835448963,300.095543518383
1110.3,303.993239028999,283.815877124878,324.494029538356
1112.8,261.235034939433,243.66035457896,279.146412792233
1115.26,240.998338787898,224.684619231819,257.590887755351
1117.86,226.556385615093,211.353549883542,241.809737698348
1120.36,263.66264071901,246.180364948805,281.263521803732
1123.09,214.782108615,200.288430175158,229.294069227997
1126.06,262.510410341728,244.707767470894,280.785174057083
1127.81,261.148164246314,243.394308740913,279.412045769269
1130.97,266.294613781715,248.599244325514,284.209100881419
1136.57,314.43785823024,293.84578752363,335.211082148471
1140.03,330.851093408869,308.874771386683,353.372957699865
1143.23,300.441027742825,279.652836730104,321.991393380026
1145.33,319.835355418502,298.052296703695,342.314559330563
1148.9,336.669704928391,311.295739327605,363.258720874473
1150.94,280.926333149214,261.563906575089,300.973006045444
1154.09,265.622638587994,247.513220751265,284.275406311055
1157.77,323.891370899725,302.070213213167,346.377438004501
1160.73,334.007015886745,311.497153636417,357.214967280867
1162.85,295.866831977307,276.11106201157,316.024220027982
1168.3,270.951434466289,253.789964621033,288.59213904146
1169.86,305.303638652301,285.241852601076,325.62280461206
1177.57,293.724235611636,274.231222974103,313.498532091243
1179.66,282.087450349571,263.166353783136,301.394831409725
1181.75,247.959443519724,231.486957060521,264.503959762682
1184.06,240.526270163643,224.283853757823,256.982500693469
1185.97,274.824015942301,256.391208044053,293.605800262323
1188.07,284.718365752611,265.718238561348,304.052609460475
1191.31,228.462817860345,213.169242317616,243.806291202741
1192.4,214.212738172406,200.686150506104,228.144485363844
1195.15,220.819999028863,205.827521962666,236.042507030959
1203.26,205.800006565944,191.872334836324,219.747105355119
1206.76,231.990464297306,216.49177744064,247.517182518577
1209.99,254.954001455133,237.815746000853,272.328746512364
1212.5,228.24965682082,213.831734994509,243.082018328744
1214.48,310.618194276641,290.063213666852,331.4075323369
1216.42,292.598698739812,272.792397895751,313.010114446579
1218.54,323.455638654639,301.577246538402,345.993549519504
1224.18,273.137539249788,254.377149511789,292.483704103873
1227.17,291.995659532603,272.312119799561,312.234173117853
1230.72,338.290563615944,314.972147709989,362.526419487723
1233.3,253.444981531777,237.417367842959,269.920784151815
1233.9,319.408528719929,298.066783535058,341.388644849056
1236.18,281.53543036933,262.843201692472,300.537972134981
1238.7,277.841080267491,260.251374986118,295.9264906487
1239.83,288.360123192689,268.97993695216,308.18974111564
1243.25,313.769263092685,293.221023645134,334.5018946136
1253,204.829402272662,191.883081589144,218.13603112569
1261.7,244.487695748673,229.023030894478,260.382762288321
1351.5,291.922774453124,273.445456710758,310.954303368969
1380.3,222.992115592428,208.903473354276,237.489854518479
1384,218.122391059358,204.447548181101,232.068902511649
1392.666667,288.186783922708,268.659547140968,308.478063558831
1397.333333,276.927296828397,259.538779843446,294.750906570001
1402,324.87522211043,303.791112728127,346.806937953586
1408,314.476202711258,289.287449405637,340.926348171177
1414,262.106376640075,245.481759414206,279.178054177003
1420,203.641787583377,189.907185118762,217.884109937095
1425.166667,239.672343367319,224.270630164574,255.569483475689
1430.333333,231.776279269909,216.138879507086,247.996035825032
1435.5,248.436219365216,227.600333226625,270.343750433343
1440.666667,297.331013969256,278.156507092664,317.154166124443
1445.833333,293.882125786927,273.827143927018,314.659621769308
1451.025316,260.584384141164,239.287854450536,282.870144541392
1455.522152,237.666774582113,222.139173056617,253.770732696931
1459.376582,260.920226023022,244.121102327727,278.276642275359
1464.515823,251.21795550509,235.334438151673,267.553711712521
1473.509494,284.921206849073,267.106714579849,303.094077299041
1478.006329,277.605959617728,260.173324918754,295.483790599982
1482.503165,231.001652666398,216.592833936168,245.689348281376
1487,262.996950241669,246.372271498777,280.084841589459
1490,298.095475181827,279.378614969069,317.313496050077
1493,216.800556704378,203.210181624486,230.653488925473
1496.428571,201.482271000474,188.742049264254,214.573259342016
1499,225.312688297305,211.067285728019,239.955426140763
1499,224.88083581592,211.017514946117,238.823683080373
1502.333333,183.050528564369,171.560997433225,194.778828929006
1505.666667,250.357527158926,234.830740755684,266.121610055097
1509,279.905441153976,262.050075353723,298.347586152906
1512.333333,226.687863371884,212.186899928711,241.683605988179
1515.666667,303.383485563936,284.004805711491,323.38001091498
1519,282.112821594462,263.896529127375,300.927883557146
1522.333333,287.994265005248,268.739621787821,308.070648019764
1525.666667,310.534205962231,291.115341366221,330.346222706514
1528.149,237.731303085002,221.325507455924,254.721169791901
1529,258.111451836262,242.127093443658,274.360656247666
1535.666667,294.401852512057,275.747528499932,313.658677263909
1539,225.719544732965,211.457402041266,240.387319471543
1541.3,228.863107554825,214.398472512648,243.734249385277
1542.3,280.86641894738,263.083289957923,299.178334271241
1574.1,278.190005034623,260.573173869861,296.292391885152
1577.4,216.255613294142,202.590040019568,230.31360249491
1616,305.834238328444,286.472713064383,325.828201817268
1644.6,192.239330789394,180.073613935808,204.694237059747
1648.7,199.637141832096,187.01797967505,212.568955713154
1659.5,194.010376368458,181.751972846535,206.580313974114
1698.5,293.542265620784,274.954983785918,312.696765675531
1753.1,292.047607132356,273.548871209927,311.121782698207
1774.9,219.668055775406,205.811716598737,233.946355495051
1779.6,229.10499168372,214.631872431926,243.987958664957
1883.341,224.986214763157,209.982847788969,240.573820782132
2214.771,302.194952700065,282.046806133216,323.215745229953
2337.82251,329.958570558561,308.012339618705,352.388230817749
2346.710693,328.861412577079,303.948256545112,354.927417291424
2352.717773,319.298642864035,297.890380375188,341.290457439443
2362.218994,463.32679693824,429.041306488187,499.39943526972
2372.198242,427.96703824229,398.788209057122,458.447206036872
2381.290283,384.949304336707,358.660278042836,412.297484459799
2389.315918,390.324744195046,364.641799428553,416.693670678835
2410.920166,289.918224052311,270.624214529997,309.46744263313
2424.888916,345.406599971606,322.560994070331,368.689356152986
2451.231689,332.726043992946,310.805946581051,355.027399468982
2474.494141,354.345250422147,330.940502854499,378.168198946442
2500.40332,371.158154913594,346.323383690115,396.748640678572
2501.402588,376.08967795466,351.33143104262,401.381859963569
2521.932373,256.612036994277,239.426433756977,274.058690564829
2545.154541,348.276670192548,325.350083635218,371.607554533534
2548.644,280.820912194112,262.698475851552,299.591811581562
2561.898438,312.891107704241,291.985508113019,334.232769870331
2579.425049,343.328301288114,320.582226076922,366.57790229626
2594.836426,377.990680550548,351.737644873678,405.410809807339
2615.069336,291.70586561468,272.312609595704,311.357462950195
2624.496094,318.99495479341,297.655000086055,340.946991401229
2630.914795,257.856511643285,240.420416615179,275.644744159461
2648.257813,295.479199780615,275.811788197374,315.461999447196
2664.697021,317.502271781538,296.113872749138,339.58235176758
2673.016113,275.5722759316,256.937236791057,294.753194357869
2680.359375,337.293244688259,314.963744525979,360.083339399569
2686.560303,297.256772682234,277.358321045143,317.617083484239
2695.158203,287.735035821847,268.556799141743,307.121404683297
2700.043457,245.189269028973,225.282433286501,265.889950942686
2703.202637,332.439357539423,309.430352933671,356.349375509746
2707.214111,274.591757334936,256.266816197253,293.174449611635
2745.515625,354.824553632563,331.363104790555,378.713716288553
2751.482666,335.96879283551,312.132049100882,360.836522777724
2764.187012,374.123876751672,349.113650437582,399.885509589879
2777.480957,292.677637338264,273.177518220075,312.509305758855
2798.543701,295.307102808772,275.4082156481,315.776785609369
2830.17627,334.006609594009,311.705091908504,356.924898064812
2831.683838,378.704211563377,346.209686026744,413.057060648461
2838.900635,406.103560005485,379.448047039274,433.504942695257
2849.182373,322.371455722983,300.613867516825,344.75135350272
2858.321045,463.725412569811,432.992883316496,495.450047928525
2881.506,233.277755930407,218.503163085665,248.485177844506
2912.384277,387.140184063818,361.600231092221,413.414385555037
2923.55957,393.706427638108,367.44155864586,420.763442128817
2941.578125,354.096831192164,330.811511486887,377.7869914312
2950.492676,374.385584033492,349.105376657094,400.52020327311
2951.161377,438.445474916846,403.426328464877,475.304059049449
2959.599365,364.840971734313,340.919932627144,389.203414039443
2978.066406,345.945432474255,323.2361676689,369.058905356827
3002.813721,387.725730306997,361.99812338029,414.263088020413
3010.996094,375.001785240384,349.903201327073,400.887145252014
3027.581543,400.112969236598,373.799658600566,427.151967314236
3042.66333,440.047917698158,409.706806576587,471.756343440263
3050.016113,440.190467894146,411.422198351101,469.745688350435
3059.026123,379.562743101188,352.417824488757,407.783123263503
3062.960938,433.947255714929,404.560648944684,464.516738962692
3066.538086,399.307801812155,372.309119865308,427.337457172394
3091.18335,353.842918763368,330.164145184197,378.261762626749
3100.177002,338.824723992928,316.190132428394,362.177484774622
3114.238281,413.58202499543,386.219263098502,441.779604108941
3133.154785,363.774741626605,338.564197707612,390.169628018303
3143.166016,352.995169518946,327.840236470109,379.261547032376
3149.8,314.74753517207,294.119285173059,335.697640918129
3151.899902,421.822568652491,376.981492057787,471.168577547631
3152.24,399.183971402151,372.9710674851,426.014308841258
3153.05,376.390892642332,350.958547397046,402.681928759415
3155.33,354.766929170086,331.917555839683,377.544362979752
3156.8,530.167835044878,495.715310342954,565.538909346863
3157.937012,359.744796000817,335.432866864972,384.864424514806
3158.75,366.880251679525,343.263369032942,390.49093216697
3160.05,367.032581424211,342.765309311193,391.923193842084
3161.92,460.681165410006,430.088288723879,492.24474277543
3163.14,404.166209037104,378.011601616538,430.774398109377
3171.554932,478.153559657664,445.975438361441,511.66763158757
3179.787109,404.203064896439,377.700992636993,431.363638564776
3181.53,345.052870090944,322.428207134152,368.001019454805
3185.27,382.835875626331,358.001313051333,408.083869268473
3186.41,557.624613317611,518.484584110393,598.39349874354
3189.189941,301.909823177294,281.746409800212,322.475493789754
3190.83,446.561995071571,415.523744901783,479.0546509458
3195.95,494.681126255639,461.78461235224,528.794722840906
3198.729248,351.27578584155,327.407860563294,375.956938848952
3202.88,390.25226918258,365.130630136653,415.565919384257
3205.3,494.881381236372,459.618787652151,531.535588450896
3208.31,415.612401130138,387.562132778038,444.698084297849
3209.375244,347.423173843555,322.827971371728,373.086328720134
3211.02,443.782788072107,413.136410076586,475.86634559825
3216.14,399.232030210796,372.471844364207,426.857018170964
3220.06,445.544005220711,413.888040036886,478.465890475799
3223.98,432.842214277493,402.753155452342,464.352197802488
3224.604492,398.765241283034,371.400195369551,427.35229201519
3230.61,484.17233371767,451.315283539245,518.578717201847
3233.02,344.290853022749,320.530329990569,369.028598239224
3236.04,417.978696820203,389.53299464428,447.607754453846
3239.885986,447.993123148982,408.353831623281,489.972449075087
3242.925293,375.216923700684,349.991355526363,401.256871955904
3245.811768,337.301206075306,314.930949927331,360.078007183235
3247.82,440.517715141431,410.482439601417,471.923171722914
3248.518,368.800029574076,323.554699659434,373.116369501172
3254.13,407.026258772134,379.31479463398,435.855975037313
3259.577881,369.492027363205,341.165850636242,399.307206963981
3260.77,423.03717410256,393.398309718379,454.018927360081
3268.07,401.001779546393,374.867628615571,427.670697545417
3270.168457,388.45207751559,356.43570736564,422.116388754253
3278.7,444.673883658224,414.264406460126,476.480583575947
3280.600586,333.445454081424,310.810162020045,356.839169825426
3286.67,345.648679643593,322.99085090268,368.640114776073
3290.24,405.651205160883,376.93746444757,435.610989541338
3293.11,340.101758725912,317.898582193037,362.645665701087
3296.43,445.370027740756,415.103537755304,476.937937489968
3299.45,427.528621214082,398.648207312542,457.52637869842
3302.61,528.306062918207,492.671538182927,565.596668571892
3304.12,474.729919525484,443.154024850442,507.388274294088
3310.76,459.009788749287,427.979360549392,491.358145267418
3314.6,476.746145834881,444.805980880475,509.947575198621
3317.52,364.661213745271,340.438070205673,389.598398516548
3320.3,418.965042494049,392.048409753348,446.071943817731
3323.22,335.441236655154,313.098274889906,358.437584757647
3326.14,481.738639037206,449.492566132041,515.211210682992
3329.2,370.472012986538,345.702505756166,395.986378064096
3332.13,354.201801859081,330.636489203757,378.424789432439
4424.214,270.641840459934,253.48230095965,288.316949019636
4860.212,414.224946515176,360.83829605291,477.034727898372
5332.931,433.863067540649,403.643951954154,465.39527677518
5801.607,423.052221438678,384.06606660656,464.819704037651
5806.297,288.67757381513,270.431642594806,307.037604897348
6535.297,374.034476582678,349.148403870171,399.021926852613
7001.857,417.192701060387,388.55864216283,445.999914430527
8446.452,418.476489250509,386.805063040299,450.132805607668
8560.965,529.550602972352,481.119767810093,580.146527542742
9244.319,481.366217586024,440.416851282925,523.552420508888
9874.032,330.555210454305,302.418094058605,358.91487849673
10603.93,406.473058337128,353.633422627925,465.322018012517
11539.32,431.122797530247,386.842101567662,477.365066378919
11800,560.306873155611,507.08866969801,614.326489384705
12098.58,423.599813987695,379.256074991338,469.801914552811
12281.3236089635,420.159526453608,379.154696778106,461.405091363372
12519.84,357.971217358919,306.615075074211,415.589829978963
12718.9927345258,498.953960276347,449.180332453319,548.973606137266
13253.1864473111,551.043659579046,494.481905676013,608.2351052016
13476.8805825309,548.409223483956,491.395716049205,606.085772228663
13600,521.14155020647,467.076956296511,575.452394290577
13698.231,568.578782533734,509.160972906078,628.563025550754
13715.8954412812,539.897230184616,483.04316898354,597.272752290054
13735.675,579.246751090738,518.595553349236,640.471520881421
13740.526,515.459695879217,461.297782830519,569.955223581846
13766.295,690.855547190866,618.275763509763,764.297115078495
13785.623,649.526607798186,581.330039028579,718.426284948506
13798.508,718.912102056996,643.300228119788,795.322492696023
13832.8152872115,582.8608477001,521.005873937478,645.412632130131
14170.8559461185,609.00573070769,542.882921115296,676.862811465773
14310.722830004,621.739469821148,554.521719732151,689.597177947357
14796.0177629774,886.622675271227,783.52937906874,995.098060428716
14940,808.980348818678,719.788862010771,899.140020659989
15037.2334347014,772.794729355415,681.410471946872,869.09504155956
15541.3446057536,657.767959935028,581.014201378993,737.074131730305
15559.880621708,683.904855824449,606.323629678098,762.948135519306
15599.5538285503,986.628289046069,872.625665833517,1104.25182527825
15612.7704814786,1049.68655134754,931.399860947306,1170.44569915174
15625.9863059728,728.213232245555,645.11019159504,813.304994311549
15652.422949722,643.65543653426,567.933114376398,722.138831811357
15692.1190865328,627.017837377477,542.013612445821,720.189470973513
15718.6334988088,1104.34177029997,905.864711866127,1357.92331905309
15758.5210184465,636.362045568001,554.452154335068,723.519678383534
15771.8560666336,688.72762700092,596.490358995016,789.289023774066
15806.6408416427,1168.31146908255,1022.5649532426,1324.25702837186
15838.9217488025,970.230579501447,851.91855296351,1095.6786742439
15865.9714469122,932.289717179517,819.050659077552,1052.55140766218
15893.176039366,616.404824453639,545.418680723131,688.926788536487
15953.6639968479,628.046434017886,532.134866777003,737.638697165641
15961.9887213555,701.156456665523,618.291747733855,787.55672494249
15975.9079143261,1359.25818022286,1204.23099759416,1519.05271884457
15989.8850845291,711.381971153878,626.70703051279,800.072984473684
16013.76,734.017843000837,649.55239143086,820.727916214048
16024.07,508.258790824853,450.492918946542,566.675346234355
16060.7295037388,642.836376816693,568.219553104,719.678959963811
16071.36,587.614254545052,521.058476821744,655.114232154748
16118.7117246145,901.360800640726,776.104231295005,1040.83324799749
16148.1973390996,685.656276862865,607.168820120389,765.561196631235
16178.0420384073,596.281571127764,527.440969079109,666.608264183551
16208.2683669835,515.753656980708,446.786607629458,590.251458017973
16238.899256133,1069.37021706282,911.999106889763,1249.16197268655
16269.9580233698,613.921352132438,544.555889446113,683.800205005718
16301.468372819,1067.38284245695,946.400011673573,1190.34738622374
16333.4543948001,580.584248561019,514.613996532129,646.898931843605
16365.9405665142,1154.2074039323,1020.37149860838,1291.88931718319
16377.26,463.580484136093,411.111594022906,516.073553258841
16382.3789632331,510.679327152817,452.469392911214,569.280222446173
16398.9517513654,982.871100103541,869.473515503024,1099.18216001552
16415.6620992969,491.704325874538,435.697356932225,547.990741347631
16466.6505467096,1208.04630037871,998.214436105521,1469.79771082877
16591.0456638765,607.497675797179,538.218035258621,677.188418276316
16646.9001037533,543.052010715342,480.852789038763,605.604178100967
16685.0528552325,525.742306644091,460.7466325192,594.347910650255
16716.84,888.638297653148,786.660883666113,992.496515914445
16763.6856131901,770.227914048654,677.910142701672,866.594299155876
16861.05,524.194333959007,463.544148054539,585.839842950164
16897.15,559.18353666329,493.837613186169,625.945021567043
16975.2108641058,463.523122704582,402.240871189249,528.47475873774
17081.52,484.72361091023,427.583527247128,543.07291565746
17113.5877151835,579.581468331312,512.19217224423,648.374666431004
17719.21,795.887466025135,703.473991336357,889.224333998081
18247,456.17202609015,402.413020093627,510.087898098301
18508.32,547.414356427251,482.777566089192,612.178495911453
19135.21,649.256110033259,571.999501900119,727.146940853176
19434.53,449.398683337109,391.61381382512,509.976686881478
20031.83,622.698374929031,547.2674423952,699.07667593256
20087.04,405.384579153108,355.918522400305,454.626293817569
20560.75,734.251161637578,644.853608679274,824.440476674413
21167.32075,613.297601117789,537.668234429112,689.368368643011
21396.07544,542.559359715336,474.956047281188,610.164261416148
21775.31,558.100801318221,488.223230039136,627.961886158807
21839.69502,572.818367373428,499.742559050629,647.730790159146
22022,506.840788660705,437.22823030538,581.029906417739
22161,798.986001372462,690.767018555292,914.536710542314
22442,773.541217172848,676.397575326551,871.925299744522
22510,612.726567988141,535.559567150862,690.833740611423
22521,752.658103171524,657.287741482353,849.9949675507
22580,746.753570644699,653.072061705845,841.69100845433
22589,564.981106799169,493.640332493521,636.397163113465
22661,629.778995386079,549.717015849156,711.722077542617
22673,709.23902327012,613.224517369272,810.709189247626
22696,570.48581163699,498.09391326472,643.679903600917
22728,427.653245805247,373.068211499125,482.266842526948
22736,527.479415521381,460.426133966973,594.48069369686
22810,427.674122654364,373.111217814717,482.256225809031
22815,438.870228887653,382.909902197598,494.809063128833
22820,480.648818735614,419.358101680992,541.949044682535
22872,719.0323850609,628.112316352024,811.043404498756
22895,601.345998131162,524.811548834728,678.608470294256
22939,489.438544501416,426.60711880199,553.668460192059
22968,452.679651443424,394.859424432211,510.515108238779
23008,481.651653661006,420.521161448216,542.271239676285
23023,511.539918559433,445.441120224162,579.050784000298
23075,581.844369941663,507.645143446845,656.086524544665
23087,573.026724861073,499.390079931098,648.221533180005
23094,535.177094907208,466.841185469683,604.130767645538
23157,495.395255021469,431.841605500542,559.345152812834
23249,578.587848172178,502.913668293347,656.163635016274
23264,567.34764402025,494.659144866589,640.439791549172
23306,483.543062351019,420.95445554417,547.382736820631
23338,497.835776918035,433.878794594026,561.877291113388
23575,492.682557667181,429.213818922835,556.295746458383
23579,481.016567123332,418.938076777551,543.206846759177
23662,479.223363292453,417.176115815953,541.371376056308
23733,582.120375904419,507.087701378297,657.443856431147
23797,503.309885930918,435.526700460232,573.828019247912
23821,506.095269731186,440.29927796792,572.864822213516
23857,684.801261731681,570.846131960221,815.85636777272
23928,471.732792952301,410.3079192582,533.339916071909
23978,419.695745321805,364.254241439537,476.206465181494
24018,514.951107107811,439.221119796187,596.214534653487
32980,668.183878435932,569.308537056514,767.190083171085
33170,786.061009955005,669.616157767128,902.926985756733
33330,911.080090905972,776.251505240994,1046.40660132393
33380,905.042390353043,770.99842136175,1039.28635573707
33590,764.197607936315,650.478830694921,878.253185335276
33960,936.246935410016,796.273941666816,1076.59646483578
34210,973.693705574754,827.667758943454,1120.28688344921
34420,968.681539324306,820.321779789046,1121.75027042178
34630,864.512061259906,731.050426298257,1002.18197659721
35607.5461491649,1024.16673748331,867.245823412366,1181.17188071462
36396.4207631798,954.164695764486,805.597260174843,1104.79463676032
36900,900.804519250243,756.460437498189,1050.32157073739
36963.2835215363,993.979126353828,838.857801122893,1150.04545303416
36963.2835215363,953.464121411747,804.325513653135,1102.72724999557
37636.0808709176,958.401208659749,796.400978569158,1132.66696083113
38109.4056393265,1065.26290391424,895.804125805242,1236.67312749684
38781.0760249735,1062.45167894623,892.899673814521,1231.73362235378
38781.0760249735,1056.83457443772,888.075928854129,1226.14825794511
38781.0760249735,1109.38726894095,931.710313612095,1287.45336585946
38781.0760249735,1072.8330548138,900.948721151464,1246.76259510476
39124,868.754537283287,728.794998182012,1008.34242495204
39327,901.672915579721,756.2182555669,1046.52977974804
39445.9846282147,976.663313963067,816.930591326726,1138.96385614761
39445.9846282147,1082.90745745241,908.000495158351,1257.97558413273
39807.9,1052.24260477203,882.294545894669,1222.39313791684
39911,905.796219217862,759.145374835438,1052.68822719857
39958,976.808286641786,818.106459597353,1135.47273711712
39982.7,867.263271804471,726.366441381357,1007.75588762365
40000,957.34711642614,801.581271433557,1113.0868887272
40031,1067.81603067736,894.208723088887,1241.44111230994
40061.5,1056.5897991905,885.397008746707,1229.00520566488
40092,1275.36496924159,1068.61376867297,1483.79319775089
40110.9,1156.74063074637,969.0751957712,1344.79959215084
40140,1330.85175217256,1115.11239254374,1548.19948749549
40140,1259.38236862176,1055.4047706629,1464.77164813341
40169,1628.61428356991,1362.18011204797,1900.77710203826
40244,956.707693088267,800.767921715804,1112.57804697546
40250.2,953.186064917783,798.310169877834,1108.26379278896
40250.6367345099,1119.99222547205,937.342900369451,1302.53192404941
40300,830.077180230871,694.072979881383,966.107981714059
40309,975.009224475517,816.020820226891,1133.96566442407
40338,1135.77090316899,950.55072290589,1320.80777903972
40378,949.879283363396,794.726021884938,1105.15324331706
40394.1,978.517342050086,818.673210640231,1138.27502096313
40517,1009.9135974826,844.502100022544,1175.19290303216
40517.2,950.672113803689,795.506830421201,1106.00418895254
40629,1090.79478761073,912.317539124735,1269.33615842405
40648.9,922.465883154142,771.179336524611,1073.53017444255
40810,1068.30683028027,893.273548503759,1244.05424970137
40917.7992652196,1008.52983595501,842.405720831666,1174.61205186277
40921,963.297351159665,804.811638951779,1122.00514092921
40933,1059.96724908963,885.675349573205,1233.64718611878
41012.3,1121.61186015179,937.282400317602,1306.0670136666
41130,908.982111386687,758.607248471148,1058.87154318199
41467.7575675615,1079.02106803476,899.963763145911,1259.32458905757
41530,927.916499053142,773.398695813593,1081.89452571599
41796,910.814567038122,758.827172795259,1062.49338751112
42387.359974756,1014.90957989834,844.641816991917,1184.36439948375
43068.0460702775,1048.05192424489,870.359744318821,1225.31713020189
43068.0460702775,1080.01889935402,897.280770429528,1261.88403136904
43383.5959158834,981.201955522099,814.610507964771,1147.13288859076
43744.2243108617,1163.2079807078,965.565874132637,1359.72333626745
43763,1106.52152942976,917.764612660415,1295.50696495518
44400,953.310318749346,789.802604098985,1117.91453096764
44537.6067798138,1135.16564378774,939.374278106844,1330.29746157324
44825,1042.50174089611,862.280806900753,1222.34649476733
44873.4419726373,1081.80178632153,894.22598396276,1268.70503903017
44873.4419726373,1109.93713340889,918.041295976335,1301.2426779431
44873.4419726373,1010.26649131146,835.382356022468,1184.10694055037
44873.4419726373,948.376506964713,783.71407307393,1112.58199878092
45204.7693105236,1062.44958300736,878.155138197963,1245.83940537006
45204.7693105236,1141.87074188451,943.853465227884,1338.84053678452
45600,1065.69929485932,879.770660908678,1250.70862754759
45701,963.775395320441,795.104653759905,1130.75443306611
45753.6006491311,1073.53432418875,885.974369644399,1260.66102013348
46317.0825162846,1089.59069517115,897.804582321977,1280.65941236801
46571,1089.79731583204,897.703231197107,1280.6627567704
46655.1716365767,1067.57823485814,878.64063335429,1255.63011331901
47331.349877161,1102.20124484777,905.987643290253,1296.83100296214
47496,1319.05022791856,1084.08678290759,1554.95705769915
48015.4168638853,1106.33486709902,907.845269005756,1303.99682842059
48015.4168638853,1171.21763780352,960.144995938172,1380.92287316374
48112.476348877,1266.00863693137,1038.74455220284,1493.3298388393
48137,1561.77100935792,1281.48777299256,1844.76437866179
49001,1456.79137772928,1192.90795749733,1720.24789669712
49134.4918520522,1290.1798793586,1054.65788413584,1524.1653163187
49818.5588387766,1247.1527557688,1017.90542745815,1475.26896438333
49831,1188.96804606881,971.030793943294,1405.63572495765
49990.7417297363,1545.63881445788,1262.82707424318,1831.64991701514
49990.7417297363,1495.26470220035,1221.76199062421,1771.80328733512
50541.6145324707,1995.65390918446,1628.1617110579,2371.67746668719
50593.7614440918,1929.84206965424,1568.5447385479,2310.30181020589
50603.2409667969,1972.82107160682,1609.74115736253,2345.27384480501
50603.2409667969,2125.0647221594,1725.91733574811,2551.44798033616
50622.2038269043,1963.39578107878,1601.94614699474,2333.17173142632
50683.0139160156,1739.16994649421,1420.65065148419,2061.52653402127
50705,1236.23297663775,1008.54702237879,1462.67954940168
50856,1151.24879856576,939.423625891814,1361.92100589599
51288.5246276855,1794.50264467009,1465.67253570758,2127.44098220336
51604.8927307129,1377.45744473566,1125.16163641411,1632.06536130389
51631.4735412598,1464.87172099272,1196.62177913211,1736.18915308196
51631.4735412598,1584.89817491929,1292.05468925137,1886.26366765237
51658.0619812012,1715.60084048645,1400.58780918077,2036.0016074276
51658.0619812012,1632.11385040219,1333.47893151682,1933.99588010039
51658.0619812012,1609.53519600052,1314.79508058719,1907.53512614033
51711.2312316895,1874.65703594329,1529.66503950334,2229.16594977006
51980,1271.81642650267,1037.62580820592,1504.55325061095
51980,1118.60722527008,912.087291530469,1323.70055084818
52881.6642761231,1407.61268481152,1150.27992665214,1667.43638805282
52881.6642761231,1180.52134699617,963.38168936526,1396.95925751436
53200,1203.65615588359,982.41376959065,1424.30308443326
53628,1085.88784560259,885.735204104232,1284.9125838169
53871.4714050293,1125.39798206991,918.509884691198,1331.30368541351
53963.0149112748,1010.01288068101,822.999307606955,1197.41788074596
53969.2573686696,815.373318563008,664.032740792217,965.844217339894
54007.8448770976,1003.53122075578,817.033415689315,1192.12211636388
54038.0890980711,1214.18684549869,991.26413601424,1439.71364637262
54044.122860866,1115.38041127546,910.112684475145,1319.30790224988
54047.7431185429,932.760203122528,760.398427389898,1103.6275463572
54049.9716007675,872.451684285575,710.947294213593,1032.60507694604
54050.7520746105,951.258625042356,775.319234153455,1129.09153610981
54051.5325484534,965.501408997587,787.09926607441,1144.0633848669
54052.573180244,855.993292413963,697.475146744862,1013.37375229817
54054.1341279299,779.517693431893,634.873782674808,923.270233184524
54060.4111876148,721.431656314648,587.090100142911,856.950880440387
54080.3023424697,784.611656118077,639.093512680948,929.430650014984
54678,769.77416342128,627.274697327927,910.844258163296
55086.315789,929.719551252041,758.439358227474,1099.72666158683
55505.6736738416,1176.27780739686,958.836707659824,1399.33712032558
55534.5625627305,1160.11949175944,946.47987210527,1376.20722115873
55541,911.712948114618,743.464653195514,1078.73979231296
55551.2292293972,1215.04166542988,990.597054237456,1445.83127814261
55602.3403405083,1074.39484744892,875.546735082509,1277.06400143548
55624.007007175,1335.49874993866,1088.93803680189,1588.4516141925
55634.5625627305,1209.23418542416,980.035360859583,1455.1538899339
55653.66197186,982.757162805514,801.833393835907,1162.42777345397
55654.5625627305,959.117793229966,782.361313039084,1135.33855225468
55676.7847849527,974.640604143858,795.159990863907,1153.57315018482
55702.3403405083,912.297131613599,744.388624653293,1081.48061126986
55723.4514516194,993.233830326477,810.597145390584,1176.65785536127
55747.8958960639,1060.64050840672,864.349171497872,1260.29454330699
55760.8604651154,998.700282196066,814.237926249436,1187.02762990112
55769.007007175,1010.32022020259,824.601318226039,1197.94487687097
55789,977.074329590874,797.674831745207,1155.1232151132
55790.1181182861,1181.18434162941,963.470761817381,1402.32632615749
55793.8372093023,1138.5513009313,929.122940727061,1345.78058706771
55795.7446808511,980.662163727383,800.606429443482,1159.36827260822
55811.2890167236,974.085349114708,793.030331612603,1159.02616475349
55818.7234042553,862.469933918722,703.75411274396,1019.8304652375
55832.4599151611,1222.40029006833,980.4445216169,1490.50270520011
55846.9452667236,1207.76820814334,986.652700246943,1427.48211108374
55852.5165557861,1474.11694502548,1196.83278937083,1769.51055085437
55859.541809082,975.148896080608,795.936673309011,1156.34405545499
55861.8085106383,834.524617841489,680.750809289537,987.451072518094
55866.5957446809,967.400816797804,787.518625454752,1151.2445746268
55867.5531914894,1153.80776990923,942.111985662152,1364.39453132632
55872.3374176025,1149.52646409948,903.55946435418,1439.72227122574
55888.8639717102,1074.41871891996,871.979444880766,1285.83762591797
55903.236038208,1123.86665874138,916.299363523295,1333.78837034937
55907.5,1694.58268436382,1381.5581488125,2014.46196503441
55907.5,1233.03385052994,1006.46793555789,1462.28142467853
55920.0165176392,1107.20557150263,901.892359940591,1318.14384115746
55923.5416666667,1172.31175181521,957.036702101093,1386.15906804385
55930.4166666667,1394.21953860193,1136.67913869597,1654.51037585724
55932.7083333333,1383.10624187984,1129.414291118,1635.35851699508
55934.2526283264,1121.46341106271,915.200802501919,1329.90505879926
55935.75,1083.97493814255,881.962585706141,1293.45500718988
55938.73239442,947.693765402038,773.345095044965,1120.89402230566
55942.1693382263,1083.4773567915,884.731185395398,1281.17399004834
55946.4583333333,1713.97698261335,1398.24845666968,2035.20346076872
55948.7662639618,1415.04793126249,1142.80657188776,1710.81149056668
55952.3076923077,1681.95570436702,1374.26470527013,1988.71225703589
55952.3076923077,1689.58220614014,1366.31505937777,2039.83737928183
55955.36419487,988.146478427469,806.35112639915,1168.59259591527
55959.12,1464.2705665472,1148.0329674468,1848.21861036782
55963.2809066772,1484.42482107499,1165.99009383697,1865.84685417421
55969.6153846154,1284.38551640974,1048.91790540067,1522.44440943502
55992.6923076923,1633.98323681236,1331.35844237066,1944.18744817911
55992.6923076923,1441.33493427354,1175.71364435028,1710.8366482487
55993.1607494354,1790.40570066226,1431.92436533062,2196.46065292513
55993.80281696,2624.97009106136,2131.78396266527,3156.67468446539
56003.5756700039,1270.41632603563,1035.10059795482,1513.47914622757
56004.2307692308,1645.73902201304,1345.16148139178,1948.32993333007
56004.2307692308,1660.51076780718,1351.8997000498,1979.25611709204
56005,1477.76134702181,1200.12926909042,1766.58460882603
56013.6369812489,1431.93415006898,1164.82555066617,1710.33699685808
56018.7253341675,872.209166317798,709.924727478881,1038.63262597665
56021,997.275200642089,814.054735743272,1182.58656148572
56021.675675676,958.471526835271,779.907395141728,1143.09729167427
56025,872.988197513702,710.311298560035,1038.80343164226
56029,1208.39318009327,986.394398098772,1428.9913834413
56029,958.703445107453,782.256429165564,1133.89183638192
56031,873.038608763325,709.454421929795,1041.72933142984
56031.7794342041,864.265221116798,688.913228519167,1060.99262853765
56039,888.1509653651,723.894043359277,1053.58039601308
56039,885.048387545546,722.150795408758,1046.83251189614
56051.0394477844,1060.61210769281,864.065551083398,1262.54069625809
56072.8374900818,924.228197238446,752.371425988642,1099.86853907697
56089.8769340515,867.427907615476,706.459005104498,1030.35250792346
56136.1739959717,953.362525024688,775.78415506721,1136.4655106454
56152.4185791016,1138.82499994294,927.986834209393,1354.88668746206
56162.04855847,834.149924882269,680.376598282189,986.522333362056
56163.7897872925,863.189818204056,703.744830111626,1024.34859260983
56176,1061.2310855055,865.833956139526,1255.44700969756
56176,1002.52868024013,818.445380936395,1185.1419186883
56176,991.664505276386,809.618889459894,1172.87599749978
56214.1479949952,1021.43299181191,831.750777802236,1216.97163072514
56246.637161255,878.692796997319,714.790765918465,1047.42528938049
56448.8822212223,703.153758068402,568.595249556844,845.715604875425
65614.1,1101.76140896826,892.808334097201,1323.20947618427
65921.2,803.21550443297,654.349876980329,950.882543995718
65957,928.625196336445,757.031295923765,1101.26739290866
65986.3,631.763675031291,511.671007229243,755.356805415399
65997.5,466.712820740867,378.533212435949,553.892036471289
66020,1202.7504058875,982.315108457088,1425.18822495211
66039,1819.84193207371,1488.40505834111,2150.7092770136
66039,1604.5494507813,1310.66440190899,1901.67283025096
66039,1992.81573804625,1601.21139718756,2431.20973350499
66045.6,1002.06683490105,817.706419303577,1185.34757424464
66054,914.53590284189,745.847609943681,1082.22269426598
66094,915.997773133722,746.863405455151,1084.12950702813
66132.32653,748.56142403973,609.957318336887,885.507146573429
66172.67732,1383.69381752637,1130.05809414818,1636.67981002417
66320,974.47417910433,795.330548780868,1155.45876700892
66820,1004.15350908134,819.625972632723,1187.11192783171
66820,1084.96778555818,885.484064062818,1283.17991293282
